symbol,name,current_price,market_cap,market_cap_rank,fully_diluted_valuation,total_volume,high_24h,low_24h,price_change_24h,price_change_percentage_24h,market_cap_change_24h,market_cap_change_percentage_24h,circulating_supply,total_supply,max_supply,ath,ath_change_percentage,ath_date,atl,atl_change_percentage,atl_date,last_updated
btc,Bitcoin,19494.84,374289077997,1,409756957292,23662114103.0,19614.89,19161.27,308.06,1.6056,6265731562.0,1.7025,19182275.0,21000000.0,21000000.0,69045.0,-71.74,2021-11-10 14:24:11.849000 UTC,67.81,28672.21,2013-07-06 00:00:00.000000 UTC,2022-10-18 03:05:15.010000 UTC
eth,Ethereum,1328.6,160333583155,2,,8698392798.0,1339.17,1297.64,30.41,2.3422,3756936513.0,2.3994,120527154.75,120527154.746356,,4878.26,-72.72,2021-11-10 14:24:19.604000 UTC,0.43,307210.85,2015-10-20 00:00:00.000000 UTC,2022-10-18 03:05:06.300000 UTC
usdt,Tether,1.0,68488007086,3,,30216495050.0,1.0,1.0,0.0,0.1359,97911682.0,0.1432,68442559804.79,68442559804.7881,,1.32,-24.37,2018-07-24 00:00:00.000000 UTC,0.57,74.78,2015-03-02 00:00:00.000000 UTC,2022-10-18 03:02:00.181000 UTC
bnb,BNB,274.46,44807811887,4,45312700938,44544105.0,275.93,270.23,3.04,1.1202,489260167.0,1.104,163276974.63,163276974.63,165116760.0,686.31,-60.01,2021-05-10 07:24:17.097000 UTC,0.04,689132.04,2017-10-19 00:00:00.000000 UTC,2022-10-18 03:05:25.807000 UTC
usdc,USD Coin,1.0,44771407607,5,,3165227497.0,1.0,1.0,0.0,0.1643,-195118363.19,-0.4339,44753448297.7,44753313027.8363,,1.17,-14.69,2019-05-08 00:40:28.300000 UTC,0.89,12.17,2021-05-19 13:14:05.611000 UTC,2022-10-18 03:04:18.217000 UTC
xrp,XRP,0.47,23700305744,6,47507964561,1410276442.0,0.48,0.46,0.01,1.8229,383075788.0,1.6429,49887015710.0,99989258607.0,100000000000.0,3.4,-86.02,2018-01-07 00:00:00.000000 UTC,0.0,17582.29,2014-05-22 00:00:00.000000 UTC,2022-10-18 03:05:39.205000 UTC
busd,Binance USD,1.0,21312086868,7,,6877962681.0,1.0,1.0,0.0,0.066,31965335.0,0.1502,21310208702.81,21310208702.81,,1.15,-13.35,2020-03-13 02:35:42.953000 UTC,0.9,10.98,2021-05-19 13:04:37.445000 UTC,2022-10-18 03:04:42.656000 UTC
ada,Cardano,0.37,12474526668,8,16598147319,340829168.0,0.37,0.37,0.0,0.1881,38944246.0,0.3132,33820262543.95,45000000000.0,45000000000.0,3.09,-88.05,2021-09-02 06:00:10.474000 UTC,0.02,1815.82,2020-03-13 02:22:55.044000 UTC,2022-10-18 03:06:05.038000 UTC
sol,Solana,30.93,11084892421,9,,643686318.0,31.44,29.93,0.99,3.3005,368304665.0,3.4368,357983554.6,508180963.57,,259.96,-88.09,2021-11-06 21:54:35.825000 UTC,0.5,6083.06,2020-05-11 19:35:23.449000 UTC,2022-10-18 03:06:07.057000 UTC
doge,Dogecoin,0.06,8130654927,10,,175705100.0,0.06,0.06,0.0,1.447,127245976.0,1.5899,136526406383.71,,,0.73,-91.86,2021-05-08 05:08:23.458000 UTC,0.0,68431.14,2015-05-06 00:00:00.000000 UTC,2022-10-18 03:05:02.599000 UTC
dot,Polkadot,6.21,7223958116,11,,182893449.0,6.28,6.13,0.08,1.2644,100364074.0,1.4089,1162051620.46,1242999972.99454,,54.98,-88.69,2021-11-04 14:10:09.301000 UTC,2.7,130.47,2020-08-20 05:48:11.359000 UTC,2022-10-18 03:05:15.589000 UTC
matic,Polygon,0.86,6384683074,12,8579834474,364757024.0,0.87,0.8,0.06,7.0966,419459110.0,7.0317,7441499126.62,10000000000.0,10000000000.0,2.92,-70.58,2021-12-27 02:08:34.307000 UTC,0.0,27191.61,2019-05-10 00:00:00.000000 UTC,2022-10-18 03:04:26.928000 UTC
shib,Shiba Inu,0.0,6104838360,13,,112598247.0,0.0,0.0,0.0,1.0652,69602309.0,1.1533,589373023552323.0,999991089484642.0,,0.0,-87.98,2021-10-28 03:54:55.568000 UTC,0.0,18376622.61,2020-11-28 11:26:25.838000 UTC,2022-10-18 03:05:10.999000 UTC
dai,Dai,1.0,6000855719,14,6000855719,328146783.0,1.0,1.0,0.0,0.0919,-14550442.83,-0.2419,6001359359.08,6001359359.08148,6001359359.08148,1.22,-17.97,2020-03-13 03:02:50.373000 UTC,0.9,10.7,2019-11-25 00:04:18.137000 UTC,2022-10-18 03:02:03.190000 UTC
steth,Lido Staked Ether,1322.98,5884398083,15,5884398083,15434256.0,1333.48,1291.0,30.75,2.3793,145898261.0,2.5425,4440099.62,4440099.61541859,4440099.61541859,4829.57,-72.58,2021-11-10 14:40:47.256000 UTC,482.9,174.28,2020-12-22 04:08:21.854000 UTC,2022-10-18 03:05:27.286000 UTC
trx,TRON,0.06,5754425978,16,,313672725.0,0.06,0.06,0.0,0.4197,30006145.0,0.5242,92308308647.9,101900409184.273,,0.23,-73.09,2018-01-05 00:00:00.000000 UTC,0.0,3354.96,2017-11-12 00:00:00.000000 UTC,2022-10-18 03:05:47.953000 UTC
avax,Avalanche,16.11,4778787415,17,11608156585,155456826.0,16.33,15.7,0.39,2.4964,119849546.0,2.5725,296405972.26,411155239.918671,720000000.0,144.96,-88.88,2021-11-21 14:18:56.538000 UTC,2.8,475.57,2020-12-31 13:15:21.540000 UTC,2022-10-18 03:05:39.247000 UTC
wbtc,Wrapped Bitcoin,19455.16,4762960164,18,4762960164,174638667.0,19628.16,19140.35,306.76,1.602,77125307.0,1.6459,244555.97,244555.97136141,244555.97136141,70643.0,-72.43,2021-11-10 14:40:19.650000 UTC,3139.17,520.42,2019-04-02 00:00:00.000000 UTC,2022-10-18 03:05:21.259000 UTC
uni,Uniswap,6.31,4756672373,19,6310536909,88482949.0,6.43,6.05,0.24,3.9329,175318990.0,3.8268,753766667.0,1000000000.0,1000000000.0,44.92,-85.95,2021-05-03 05:25:04.822000 UTC,1.03,512.59,2020-09-17 01:20:38.214000 UTC,2022-10-18 03:05:16.350000 UTC
okb,OKB,16.84,4237488349,20,,19481486.0,17.07,16.5,0.24,1.4724,59226510.0,1.4175,251627611.56,300000000.0,,44.01,-61.72,2021-05-03 01:03:16.108000 UTC,0.58,2801.36,2019-01-14 00:00:00.000000 UTC,2022-10-18 03:04:40.409000 UTC
leo,LEO Token,4.51,4207470469,21,,1233235.0,4.54,4.38,0.01,0.1903,14449451.0,0.3446,933651339.9,985239504.0,,8.14,-44.6,2022-02-08 17:40:10.285000 UTC,0.8,463.49,2019-12-24 15:14:35.376000 UTC,2022-10-18 03:04:46.423000 UTC
ltc,Litecoin,51.5,3681417579,22,4330524802,201575701.0,52.04,51.15,0.3,0.5806,25813201.0,0.7061,71409145.73,84000000.0,84000000.0,410.26,-87.43,2021-05-10 03:13:07.904000 UTC,1.15,4387.56,2015-01-14 00:00:00.000000 UTC,2022-10-18 03:05:26.693000 UTC
atom,Cosmos Hub,12.47,3643551491,23,,231767472.0,12.59,11.74,0.66,5.5714,189499271.0,5.4863,292586163.83,,,44.45,-71.98,2022-01-17 00:34:41.497000 UTC,1.16,973.48,2020-03-13 02:27:44.591000 UTC,2022-10-18 03:05:21.658000 UTC
link,Chainlink,7.25,3570900617,24,7263834064,278766390.0,7.36,7.1,0.15,2.1605,80492758.0,2.3061,491599971.23,1000000000.0,1000000000.0,52.7,-86.22,2021-05-10 00:13:57.214000 UTC,0.15,4801.95,2017-11-29 00:00:00.000000 UTC,2022-10-18 03:05:14.679000 UTC
etc,Ethereum Classic,23.81,3274703901,25,5020543180,242184218.0,24.07,22.97,0.8,3.4546,113815491.0,3.6007,137431366.93,210700000.0,210700000.0,167.09,-85.73,2021-05-06 18:34:22.133000 UTC,0.62,3775.68,2016-07-25 00:00:00.000000 UTC,2022-10-18 03:05:38.292000 UTC
ftt,FTX,23.98,3209226215,26,7905027244,70014077.0,24.23,23.5,0.36,1.5071,49004610.0,1.5507,133618094.98,329130640.912023,329130640.912023,84.18,-71.47,2021-09-09 16:59:43.151000 UTC,1.15,1989.05,2019-09-06 00:00:00.000000 UTC,2022-10-18 03:05:03.349000 UTC
qnt,Quant,200.13,2918869952,27,9124760688,362150557.0,224.6,192.53,6.33,3.2653,317450297.0,12.203,14544190.76,14612493.0,45467000.0,427.42,-53.05,2021-09-11 09:15:00.668000 UTC,0.22,92909.52,2018-08-23 00:00:00.000000 UTC,2022-10-18 03:04:59.137000 UTC
xlm,Stellar,0.11,2897165687,28,5656334078,63818645.0,0.12,0.11,0.0,0.2527,14109007.0,0.4894,25610839326.52,50001787564.2533,50001787564.2533,0.88,-87.08,2018-01-03 00:00:00.000000 UTC,0.0,23660.33,2015-03-05 00:00:00.000000 UTC,2022-10-18 03:05:08.379000 UTC
cro,Cronos,0.11,2731514218,29,,38134537.0,0.11,0.1,0.0,4.165,110554955.0,4.2181,25263013692.0,30263013692.0,,0.97,-88.8,2021-11-24 15:53:54.855000 UTC,0.01,792.13,2019-02-08 00:00:00.000000 UTC,2022-10-18 03:04:48.805000 UTC
xmr,Monero,142.91,2596498124,30,,71430366.0,144.95,142.65,-0.33,-0.2279,-1750316.47,-0.0674,18147820.38,,,542.33,-73.62,2018-01-09 00:00:00.000000 UTC,0.22,66084.27,2015-01-14 00:00:00.000000 UTC,2022-10-18 03:05:38.366000 UTC
near,NEAR Protocol,3.03,2465436178,31,3034084770,100063929.0,3.08,2.97,0.06,1.9165,49126365.0,2.0331,812579860.15,1000000000.0,1000000000.0,20.44,-85.16,2022-01-16 22:09:45.873000 UTC,0.53,475.91,2020-11-04 16:09:15.137000 UTC,2022-10-18 03:04:46.443000 UTC
algo,Algorand,0.33,2290389672,32,3263549858,64966752.0,0.33,0.32,0.01,2.0615,48710485.0,2.173,7018093094.82,7248609375.92464,10000000000.0,3.56,-90.84,2019-06-20 14:51:19.480000 UTC,0.11,209.82,2020-03-13 02:20:48.438000 UTC,2022-10-18 03:05:41.405000 UTC
bch,Bitcoin Cash,109.78,2109929081,33,2307275293,468873681.0,111.08,109.35,0.28,0.2554,7042261.0,0.3349,19203824.9,21000000.0,21000000.0,3785.82,-97.1,2017-12-20 00:00:00.000000 UTC,76.93,42.82,2018-12-16 00:00:00.000000 UTC,2022-10-18 03:05:15.490000 UTC
lunc,Terra Luna Classic,0.0,1836070578,34,,188282865.0,0.0,0.0,0.0,1.171,17040562.0,0.9368,6885199564847.2,6907072876045.07,,119.18,-100.0,2022-04-05 12:24:58.854000 UTC,0.0,26570.93,2022-05-13 02:34:40.340000 UTC,2022-10-18 03:05:01.717000 UTC
vet,VeChain,0.02,1676586936,35,2004950650,47331986.0,0.02,0.02,0.0,1.3085,22235306.0,1.344,72511146418.0,85985041177.0,86712634466.0,0.28,-91.77,2021-04-19 01:08:21.675000 UTC,0.0,1105.59,2020-03-13 02:29:59.652000 UTC,2022-10-18 03:04:52.685000 UTC
flow,Flow,1.53,1586511182,36,2081266412,30728522.0,1.57,1.48,0.05,3.3939,50833633.0,3.3102,1036200000.0,1359340091.58511,1359340091.58511,42.4,-96.39,2021-04-05 13:49:10.098000 UTC,1.24,23.97,2022-06-18 20:11:35.436000 UTC,2022-10-18 03:04:21.740000 UTC
fil,Filecoin,5.21,1560967305,37,10247684890,95795895.0,5.27,5.09,0.1,1.8618,31705303.0,2.0732,299590017.0,1966795897.0,1966795897.0,236.84,-97.8,2021-04-01 13:29:41.564000 UTC,4.76,9.41,2022-10-13 10:37:27.974000 UTC,2022-10-18 03:04:48.149000 UTC
hbar,Hedera,0.06,1541752286,38,3165432138,43768929.0,0.06,0.06,0.0,4.3028,65946236.0,4.4685,24352951174.89,50000000000.0,50000000000.0,0.57,-88.88,2021-09-15 10:40:28.318000 UTC,0.01,541.98,2020-01-02 17:30:24.852000 UTC,2022-10-18 03:04:48.593000 UTC
ape,ApeCoin,4.52,1421450475,39,4523760835,94406180.0,4.61,4.49,0.03,0.6194,9081937.0,0.643,314218750.0,1000000000.0,1000000000.0,26.7,-83.05,2022-04-28 21:44:21.164000 UTC,3.1,45.97,2022-06-15 09:20:22.479000 UTC,2022-10-18 03:04:37.571000 UTC
xcn,Chain,0.06,1370058120,40,3410068020,12751097.0,0.06,0.06,-0.0,-1.2893,-14638066.0,-1.0571,21482775365.82,53470523779.0,53470523779.0,0.18,-65.4,2022-05-27 11:45:24.820000 UTC,0.0,2118.81,2022-06-14 06:35:07.084000 UTC,2022-10-18 03:05:01.679000 UTC
frax,Frax,1.0,1362121943,41,1362121943,6974635.0,1.01,1.0,0.0,0.4119,2347410.0,0.1726,1363108793.49,1363108793.49405,1363108793.49405,1.14,-12.34,2021-02-07 12:55:35.766000 UTC,0.89,12.12,2021-12-04 05:33:57.315000 UTC,2022-10-18 03:04:44.101000 UTC
icp,Internet Computer,5.04,1354820124,42,2368503083,30631868.0,5.13,4.99,0.04,0.8185,12270798.0,0.914,268397445.39,491039287.919733,469213710.0,700.65,-99.28,2021-05-10 16:05:53.653000 UTC,4.69,7.46,2022-10-13 10:37:27.273000 UTC,2022-10-18 03:04:31.244000 UTC
egld,Elrond,56.77,1345758147,43,1784951890,31574805.0,57.9,55.29,1.34,2.4174,33247932.0,2.5332,23685926.0,24446858.0,31415926.0,545.64,-89.59,2021-11-23 10:33:26.737000 UTC,6.51,773.21,2020-10-07 01:44:53.554000 UTC,2022-10-18 03:04:50.127000 UTC
xtz,Tezos,1.39,1255093305,44,,16757086.0,1.41,1.35,0.03,2.3909,29288150.0,2.3893,905050553.18,,,9.12,-84.79,2021-10-04 00:41:18.025000 UTC,0.35,295.65,2018-12-07 00:00:00.000000 UTC,2022-10-18 03:04:44.832000 UTC
sand,The Sandbox,0.79,1193021362,45,2379427585,105730375.0,0.8,0.77,0.02,2.4393,29440213.0,2.5301,1504170208.22,3000000000.0,3000000000.0,8.4,-90.55,2021-11-25 06:04:40.957000 UTC,0.03,2637.08,2020-11-04 15:59:14.441000 UTC,2022-10-18 03:04:44.412000 UTC
mana,Decentraland,0.65,1171822684,46,1417504141,78918998.0,0.66,0.64,0.01,1.1278,15905459.0,1.376,1813313983.94,2193488927.32015,2193488927.32015,5.85,-88.95,2021-11-25 10:04:18.534000 UTC,0.01,6896.28,2017-10-31 00:00:00.000000 UTC,2022-10-18 03:06:01.350000 UTC
axs,Axie Infinity,11.09,1140951184,47,3000052390,42003929.0,11.28,10.91,0.17,1.59,20007709.0,1.7849,102683813.36,270000000.0,270000000.0,164.9,-93.26,2021-11-06 19:29:29.482000 UTC,0.12,8881.15,2020-11-06 08:05:43.662000 UTC,2022-10-18 03:05:30.232000 UTC
aave,Aave,78.2,1105720609,48,1252255392,119532806.0,79.66,75.12,2.88,3.8175,42480641.0,3.9954,14127732.94,16000000.0,16000000.0,661.69,-88.17,2021-05-18 21:19:59.514000 UTC,26.02,200.76,2020-11-05 09:20:11.928000 UTC,2022-10-18 03:06:01.111000 UTC
eos,EOS,1.07,1081406418,49,,87850952.0,1.08,1.04,0.03,2.4607,27510093.0,2.6103,1012112751.02,,,22.71,-95.3,2018-04-29 07:50:33.540000 UTC,0.5,112.67,2017-10-23 00:00:00.000000 UTC,2022-10-18 03:04:23.928000 UTC
tkx,Tokenize Xchange,13.28,1063562824,50,1329520006,64971648.0,13.37,12.64,0.64,5.0537,52074425.0,5.1483,79996000.0,100000000.0,100000000.0,13.37,-0.58,2022-10-18 00:40:52.853000 UTC,0.11,11849.95,2019-04-28 00:00:00.000000 UTC,2022-10-18 03:05:50.764000 UTC
ldo,Lido DAO,1.51,1046053735,51,1509651376,41787677.0,1.55,1.37,0.14,10.2411,97175718.0,10.2411,692910794.88,1000000000.0,1000000000.0,7.3,-79.32,2021-08-20 08:35:20.158000 UTC,0.41,271.8,2022-06-18 20:55:12.035000 UTC,2022-10-18 03:04:42.746000 UTC
theta,Theta Network,1.02,1019139743,52,1019139743,15490412.0,1.03,1.0,0.02,1.91,21222775.0,2.1267,1000000000.0,1000000000.0,1000000000.0,15.72,-93.52,2021-04-16 13:15:11.190000 UTC,0.04,2422.64,2020-03-13 02:24:16.483000 UTC,2022-10-18 03:04:49.486000 UTC
ht,Huobi,7.6,1000639670,53,3819477255,90144051.0,8.04,6.67,0.92,13.7195,127804584.0,14.6425,130991704.25,500000000.0,500000000.0,39.66,-80.77,2021-05-12 14:42:21.586000 UTC,0.91,739.35,2019-01-30 00:00:00.000000 UTC,2022-10-18 03:05:44.249000 UTC
chz,Chiliz,0.19,993918003,54,1653203579,131802441.0,0.19,0.18,0.01,3.3926,33484968.0,3.4864,5344064580.0,8888888888.0,8888888888.0,0.88,-78.83,2021-03-13 08:04:21.200000 UTC,0.0,4426.43,2019-09-28 00:00:00.000000 UTC,2022-10-18 03:05:53.634000 UTC
mkr,Maker,1097.78,991223623,55,1105891014,87546780.0,1113.3,980.4,111.64,11.3204,101174648.0,11.3673,901310.95,977631.036950888,1005577.0,6292.31,-82.52,2021-05-03 21:54:29.333000 UTC,168.36,553.23,2020-03-16 20:52:36.527000 UTC,2022-10-18 03:06:05.185000 UTC
kcs,KuCoin,9.9,967976737,56,,998901.0,9.94,9.74,0.14,1.4489,13996110.0,1.4671,97724482.63,145224482.632494,,28.83,-65.65,2021-12-01 15:09:35.541000 UTC,0.34,2788.1,2019-02-07 00:00:00.000000 UTC,2022-10-18 03:04:17.069000 UTC
cusdc,cUSDC,0.02,956316619,57,,14.7,0.02,0.02,0.0,0.125,8444576.0,0.8909,42183479103.98,42183479103.9841,,0.06,-61.47,2020-10-21 11:24:27.820000 UTC,0.01,265.24,2021-03-04 08:11:37.438000 UTC,2022-10-18 03:05:57.812000 UTC
bsv,Bitcoin SV,48.64,933613691,58,,15187213.0,49.09,48.33,0.21,0.4428,3976577.0,0.4278,19198945.39,21000000.0,,489.75,-90.07,2021-04-16 17:09:04.630000 UTC,42.02,15.73,2018-11-23 00:00:00.000000 UTC,2022-10-18 03:04:55.736000 UTC
usdp,Pax Dollar,1.0,896942857,59,,57858676.0,1.0,0.99,-0.0,-0.019,1131068.0,0.1263,898350641.78,898350641.78,,1.13,-11.53,2018-10-15 07:09:12.459000 UTC,0.86,15.53,2021-05-19 13:14:42.046000 UTC,2022-10-18 03:05:44.579000 UTC
tusd,TrueUSD,1.0,880111095,60,,30829328.0,1.0,1.0,0.0,0.0546,4851481.0,0.5543,879771120.3,879771120.29547,,1.62,-38.23,2018-08-26 20:41:09.375000 UTC,0.88,13.16,2020-03-12 10:47:51.380000 UTC,2022-10-18 03:05:19.910000 UTC
usdd,USDD,1.0,775829940,61,,49788193.0,1.0,1.0,0.0,0.1404,10200106.0,1.3322,775601816.28,,,1.03,-2.84,2022-05-12 07:24:01.007000 UTC,0.93,7.78,2022-06-19 16:15:11.558000 UTC,2022-10-18 03:04:38.336000 UTC
ethw,EthereumPoW,7.11,758147055,62,,29170706.0,7.34,7.1,-0.07,-0.9204,-7666356.61,-1.0011,106808329.05,106808193.04993,,58.54,-87.86,2022-09-03 00:10:33.722000 UTC,4.17,70.59,2022-09-19 02:51:46.433000 UTC,2022-10-18 03:05:54.148000 UTC
btt,BitTorrent,0.0,735122615,63,772015399,15564635.0,0.0,0.0,0.0,1.3245,9909097.0,1.3664,942690250000000.0,990000000000000.0,990000000000000.0,0.0,-77.27,2022-01-21 04:00:31.909000 UTC,0.0,11.16,2022-06-18 21:29:51.935000 UTC,2022-10-18 03:04:47.986000 UTC
xec,eCash,0.0,726549180,64,794632967,5961604.0,0.0,0.0,0.0,1.6728,13530656.0,1.8977,19200729673303.0,21000000000000.0,21000000000000.0,0.0,-90.04,2021-09-04 17:09:31.137000 UTC,0.0,104.87,2021-07-20 20:49:46.212000 UTC,2022-10-18 03:05:53.888000 UTC
miota,IOTA,0.25,709243047,65,,9796971.0,0.26,0.25,0.01,2.0743,14743576.0,2.1229,2779530283.28,2779530283.0,,5.25,-95.14,2017-12-19 00:00:00.000000 UTC,0.08,212.57,2020-03-13 02:22:41.168000 UTC,2022-10-18 03:05:53.983000 UTC
zec,Zcash,52.61,679959282,66,1104780298,61175447.0,53.31,51.4,0.98,1.8946,13074560.0,1.9605,12924872.89,21000000.0,21000000.0,3191.93,-98.35,2016-10-29 00:00:00.000000 UTC,19.75,166.35,2020-03-13 02:20:55.002000 UTC,2022-10-18 03:04:57.387000 UTC
cake,PancakeSwap,4.61,658302952,67,3457914547,31947204.0,4.67,4.57,0.03,0.7463,-20715357.47,-3.0508,142781785.75,335680613.787207,750000000.0,43.96,-89.51,2021-04-30 10:08:22.934000 UTC,0.19,2271.53,2020-11-03 14:29:34.165000 UTC,2022-10-18 03:04:48.005000 UTC
gt,Gate,4.46,649504038,68,,2111022.0,4.48,4.41,0.02,0.4439,4959428.0,0.7694,145377816.68,300000000.0,,12.94,-65.48,2021-05-12 11:39:16.531000 UTC,0.26,1634.76,2020-03-13 02:18:02.481000 UTC,2022-10-18 03:05:49.448000 UTC
cdai,cDAI,0.02,636993649,69,,140.2,0.02,0.02,0.0,0.0718,8265989.0,1.3147,28855175444.71,28855175444.7141,,0.03,-30.12,2020-10-12 21:29:00.007000 UTC,0.01,202.88,2020-03-18 04:29:40.819000 UTC,2022-10-18 03:04:46.183000 UTC
grt,The Graph,0.09,633953395,70,856662155,20601829.0,0.09,0.08,0.0,0.9379,5371721.0,0.8546,7400273157.0,10000000000.0,10000000000.0,2.84,-96.99,2021-02-12 07:28:45.775000 UTC,0.08,7.22,2022-10-13 10:37:40.379000 UTC,2022-10-18 03:04:55.222000 UTC
hnt,Helium,4.57,595956635,71,1017471525,2681613.0,4.62,4.5,0.05,1.1474,6829521.0,1.1593,130616264.27,223000000.0,223000000.0,54.88,-91.69,2021-11-12 23:08:25.301000 UTC,0.11,3928.92,2020-04-18 00:19:10.902000 UTC,2022-10-18 03:04:37.838000 UTC
osmo,Osmosis,1.22,567055748,72,1217533360,10505601.0,1.24,1.18,0.04,2.9693,15219025.0,2.7579,465741446.0,325000000.0,1000000000.0,11.25,-89.15,2022-03-04 05:12:18.707000 UTC,0.68,79.44,2022-06-18 20:27:33.261000 UTC,2022-10-18 03:04:53.603000 UTC
neo,NEO,8.0,564514894,73,,18382849.0,8.1,7.82,0.16,2.0597,12825866.0,2.3248,70530000.0,100000000.0,,198.38,-95.97,2018-01-15 00:00:00.000000 UTC,0.08,10115.65,2016-10-21 00:00:00.000000 UTC,2022-10-18 03:04:55.438000 UTC
snx,Synthetix Network,2.31,554052135,74,698105742,65414813.0,2.39,2.26,0.04,1.6815,8249324.0,1.5114,240053020.83,302466829.088774,302466829.088774,28.53,-91.91,2021-02-14 01:12:38.505000 UTC,0.03,6534.89,2019-01-06 00:00:00.000000 UTC,2022-10-18 03:04:34.250000 UTC
ceth,cETH,26.7,553403124,75,,11.96,26.84,26.06,0.64,2.4573,11739643.0,2.1673,20723176.67,20723176.6709124,,97.75,-72.68,2021-11-21 12:39:57.508000 UTC,1.89,1315.72,2020-03-13 02:22:33.711000 UTC,2022-10-18 03:01:47.753000 UTC
evmos,Evmos,1.69,546143644,76,,2160351.0,1.72,1.57,0.11,7.0827,36131178.0,7.0844,324391777.42,1000000000.0,,6.84,-75.32,2022-04-28 21:20:31.780000 UTC,1.12,50.99,2022-06-13 10:08:39.859000 UTC,2022-10-18 03:05:58.410000 UTC
ftm,Fantom,0.21,538885928,77,673301845,83367439.0,0.21,0.21,0.01,2.8343,15420107.0,2.9458,2541152731.01,3175000000.0,3175000000.0,3.46,-93.87,2021-10-28 05:19:39.845000 UTC,0.0,11047.92,2020-03-13 02:25:38.280000 UTC,2022-10-18 03:05:59.247000 UTC
xrd,Radix,0.05,536168729,78,1285598321,323133.0,0.06,0.05,-0.0,-2.597,-13401071.06,-2.4385,10009385741.46,12409367778.043,24000000000.0,0.65,-91.77,2021-11-14 16:09:27.130000 UTC,0.05,1.81,2022-10-15 05:27:24.206000 UTC,2022-10-18 03:05:58.307000 UTC
ar,Arweave,10.16,508978953,79,670397429,12632867.0,10.25,9.81,0.22,2.2337,11158240.0,2.2414,50108502.0,64598643.0,66000000.0,89.24,-88.62,2021-11-05 04:14:42.689000 UTC,0.3,3299.59,2020-01-31 06:47:36.543000 UTC,2022-10-18 03:04:40.545000 UTC
paxg,PAX Gold,1645.02,499767343,80,,6265298.0,1660.21,1640.56,3.02,0.1839,970569.0,0.1946,303808.21,303808.208,,2241.37,-26.61,2021-05-17 19:02:29.657000 UTC,1399.64,17.53,2019-11-18 03:09:35.959000 UTC,2022-10-18 03:04:37.628000 UTC
nexo,NEXO,0.88,493835992,81,881849971,3220908.0,0.88,0.87,0.01,1.7147,8118132.0,1.6714,560000010.01,1000000000.0,1000000000.0,4.07,-78.32,2021-05-12 14:37:47.535000 UTC,0.05,1853.04,2018-09-13 00:00:00.000000 UTC,2022-10-18 03:04:35.217000 UTC
crv,Curve DAO,0.88,482574207,82,2920356695,73469360.0,0.9,0.81,0.07,8.6883,163397933.0,51.1936,545809088.58,1837955208.95409,3303030299.0,15.37,-94.25,2020-08-14 00:00:00.000000 UTC,0.33,166.65,2020-11-05 13:09:50.181000 UTC,2022-10-18 03:05:14.155000 UTC
ens,Ethereum Name Service,18.71,481230567,83,1866447704,84496436.0,19.9,18.66,-0.87,-4.4405,-24117181.74,-4.7724,25783233.34,100000000.0,100000000.0,83.4,-77.61,2021-11-11 02:20:01.099000 UTC,7.45,150.53,2022-06-14 02:00:36.378000 UTC,2022-10-18 03:05:26.706000 UTC
bit,BitDAO,0.44,476217615,84,4428255661,8001822.0,0.44,0.44,0.0,0.7737,3330635.0,0.7043,1075406778.14,10000000000.0,10000000000.0,3.1,-85.72,2021-11-12 04:54:56.433000 UTC,0.4,10.17,2022-06-18 20:44:32.363000 UTC,2022-10-18 03:04:41.949000 UTC
cspr,Casper Network,0.05,476077466,85,,62398909.0,0.05,0.05,-0.0,-3.9397,-18753655.88,-3.7899,10430635438.0,11223229847.0,,1.33,-96.55,2021-05-12 00:00:00.000000 UTC,0.02,103.99,2022-06-18 20:14:44.694000 UTC,2022-10-18 03:05:44.331000 UTC
zil,Zilliqa,0.03,471139440,86,661184614,27729733.0,0.03,0.03,0.0,3.6295,16622863.0,3.6573,14963942050.8,21000000000.0,21000000000.0,0.26,-87.66,2021-05-06 17:33:45.940000 UTC,0.0,1214.9,2020-03-13 02:22:55.161000 UTC,2022-10-18 03:04:57.686000 UTC
rune,THORChain,1.54,461970290,87,768156681,39441006.0,1.56,1.47,0.06,4.2241,18522210.0,4.1769,300700561.0,500000000.0,500000000.0,20.87,-92.64,2021-05-19 00:30:09.436000 UTC,0.01,17944.13,2019-09-28 00:00:00.000000 UTC,2022-10-18 03:04:30.692000 UTC
twt,Trust Wallet,1.1,459540685,88,,12473338.0,1.11,1.03,0.06,5.8754,24895594.0,5.7278,416649900.0,1000000000.0,,1.64,-32.73,2021-09-05 04:29:59.672000 UTC,0.0,39625.46,2020-06-09 09:15:06.983000 UTC,2022-10-18 03:04:36.279000 UTC
dash,Dash,41.05,450463996,89,,28942646.0,41.75,41.02,-0.54,-1.307,-5421226.24,-1.1892,10961289.92,18920000.0,,1493.59,-97.25,2017-12-20 00:00:00.000000 UTC,0.21,19114.03,2014-02-14 00:00:00.000000 UTC,2022-10-18 03:05:47.197000 UTC
fxs,Frax Share,6.64,449490763,90,664969065,10458941.0,6.71,5.9,0.68,11.319,46911002.0,11.6526,67476085.2,99822984.1145714,99822984.1145714,42.8,-84.44,2022-01-12 15:22:27.465000 UTC,1.5,343.18,2021-06-25 16:50:51.447000 UTC,2022-10-18 03:04:43.605000 UTC
klay,Klaytn,0.14,444597189,91,,18783158.0,0.15,0.14,0.0,1.01,4384581.0,0.996,3082068054.24,,,4.34,-96.68,2021-03-30 03:44:28.828000 UTC,0.06,138.67,2020-04-29 08:19:34.574000 UTC,2022-10-18 03:04:59.978000 UTC
enj,Enjin Coin,0.43,434928484,92,434928484,15857303.0,0.44,0.43,0.01,1.7403,7901521.0,1.8504,1000000000.0,1000000000.0,1000000000.0,4.82,-90.97,2021-11-25 09:53:41.955000 UTC,0.02,2231.25,2017-11-12 00:00:00.000000 UTC,2022-10-18 03:04:55.430000 UTC
rpl,Rocket Pool,23.04,434435431,93,434435431,1537057.0,23.24,22.35,0.6,2.6538,11411009.0,2.6975,18859620.88,18859620.8789177,18859620.8789177,59.46,-61.22,2021-11-09 04:03:31.003000 UTC,0.01,260493.14,2018-08-28 00:00:00.000000 UTC,2022-10-18 03:04:50.234000 UTC
xdc,XDC Network,0.03,431890453,94,,4397825.0,0.03,0.03,-0.0,-0.5741,-1506919.03,-0.3477,13787303814.15,37787301349.95,,0.19,-83.75,2021-08-21 04:39:48.324000 UTC,0.0,7824.06,2019-07-22 00:00:00.000000 UTC,2022-10-18 03:04:09.761000 UTC
bat,Basic Attention,0.29,431776028,95,432564657,36923673.0,0.29,0.28,0.0,1.0363,4933160.0,1.1557,1497265277.42,1500000000.0,1500000000.0,1.9,-84.83,2021-11-28 00:23:51.354000 UTC,0.07,298.37,2017-07-16 00:00:00.000000 UTC,2022-10-18 03:05:22.827000 UTC
kava,Kava,1.41,417938717,96,,7474850.0,1.43,1.4,0.01,0.4874,3999822.0,0.9663,297035793.0,299511406.0,,9.12,-84.57,2021-08-30 11:10:02.948000 UTC,0.29,390.02,2020-03-13 02:24:16.835000 UTC,2022-10-18 03:05:55.866000 UTC
xaut,Tether Gold,1685.63,415969204,97,,641700.0,1687.4,1671.45,10.98,0.656,3134806.0,0.7593,246524.33,246524.33,,2096.29,-19.51,2021-05-19 12:57:30.922000 UTC,1447.84,16.54,2020-03-19 13:45:41.821000 UTC,2022-10-18 03:05:15.390000 UTC
stx,Stacks,0.31,412061869,98,559410514,12486904.0,0.31,0.3,0.0,1.5397,6896775.0,1.7022,1339139074.63,1352464600.0,1818000000.0,3.39,-90.92,2021-12-01 01:32:34.725000 UTC,0.05,575.08,2020-03-13 02:29:26.415000 UTC,2022-10-18 03:05:02.657000 UTC
cel,Celsius Network,0.97,408684534,99,,12344087.0,1.03,0.95,-0.05,-4.6198,-19726922.73,-4.6047,423415980.35,692753441.4971,,8.05,-88.01,2021-06-04 00:04:12.584000 UTC,0.03,3583.62,2018-12-07 00:00:00.000000 UTC,2022-10-18 03:05:57.744000 UTC
luna,Terra,2.62,403356528,100,,104541370.0,2.66,2.59,-0.01,-0.5294,-2249213.33,-0.5545,154289403.2,1033418543.84896,,18.87,-86.12,2022-05-28 09:18:14.847000 UTC,1.53,70.89,2022-08-29 00:11:56.615000 UTC,2022-10-18 03:04:28.804000 UTC
btc,Bitcoin,19495.83,373994906166,1,409434909544,23635534610.0,19614.89,19161.27,320.63,1.6721,6016276263.0,1.6349,19182275.0,21000000.0,21000000.0,69045.0,-71.74,2021-11-10 14:24:11.849000 UTC,67.81,28672.21,2013-07-06 00:00:00.000000 UTC,2022-10-18 03:17:57.187000 UTC
eth,Ethereum,1328.97,160141557001,2,,8692425692.0,1339.17,1297.66,31.31,2.4127,3673859924.0,2.348,120527154.75,120527154.746356,,4878.26,-72.72,2021-11-10 14:24:19.604000 UTC,0.43,307210.85,2015-10-20 00:00:00.000000 UTC,2022-10-18 03:17:47.581000 UTC
usdt,Tether,1.0,68450499310,3,,30094892750.0,1.0,1.0,-0.0,-0.0495,46252871.0,0.0676,68442559804.79,68442559804.7881,,1.32,-24.37,2018-07-24 00:00:00.000000 UTC,0.57,74.78,2015-03-02 00:00:00.000000 UTC,2022-10-18 03:17:01.728000 UTC
bnb,BNB,274.18,44764400272,4,45268800166,479307238.0,275.93,270.23,2.5,0.9195,464587534.0,1.0487,163276974.63,163276974.63,165116760.0,686.31,-60.01,2021-05-10 07:24:17.097000 UTC,0.04,689132.04,2017-10-19 00:00:00.000000 UTC,2022-10-18 03:17:45.658000 UTC
usdc,USD Coin,1.0,44746550394,5,,3157504618.0,1.0,1.0,0.0,0.0266,-194002817.45,-0.4317,44749274908.97,44753313027.8363,,1.17,-14.69,2019-05-08 00:40:28.300000 UTC,0.89,12.17,2021-05-19 13:14:05.611000 UTC,2022-10-18 03:18:47.504000 UTC
xrp,XRP,0.47,23688316085,6,47483930934,1396914226.0,0.48,0.46,0.01,1.9314,386074322.0,1.6568,49887015710.0,99989258607.0,100000000000.0,3.4,-86.02,2018-01-07 00:00:00.000000 UTC,0.0,17582.29,2014-05-22 00:00:00.000000 UTC,2022-10-18 03:18:35.998000 UTC
busd,Binance USD,1.0,21295239690,7,,6871009217.0,1.0,1.0,0.0,0.0627,16819322.0,0.079,21310208702.81,21310208702.81,,1.15,-13.35,2020-03-13 02:35:42.953000 UTC,0.9,10.98,2021-05-19 13:04:37.445000 UTC,2022-10-18 03:18:57.270000 UTC
ada,Cardano,0.37,12469320947,8,16591220778,340829629.0,0.37,0.37,0.0,0.4034,27744599.0,0.223,33820262543.95,45000000000.0,45000000000.0,3.09,-88.05,2021-09-02 06:00:10.474000 UTC,0.02,1815.82,2020-03-13 02:22:55.044000 UTC,2022-10-18 03:17:34.679000 UTC
sol,Solana,30.95,11081374224,9,,642929572.0,31.44,29.96,0.98,3.2813,360279555.0,3.3605,357983547.65,508180963.57,,259.96,-88.09,2021-11-06 21:54:35.825000 UTC,0.5,6083.06,2020-05-11 19:35:23.449000 UTC,2022-10-18 03:17:45.555000 UTC
doge,Dogecoin,0.06,8131821619,10,,175898872.0,0.06,0.06,0.0,1.5097,123203898.0,1.5384,136526496383.71,,,0.73,-91.86,2021-05-08 05:08:23.458000 UTC,0.0,68431.14,2015-05-06 00:00:00.000000 UTC,2022-10-18 03:18:58.114000 UTC
dot,Polkadot,6.22,7220220592,11,,181431254.0,6.28,6.13,0.08,1.2737,96063396.0,1.3484,1162051620.46,1242999972.99454,,54.98,-88.69,2021-11-04 14:10:09.301000 UTC,2.7,130.47,2020-08-20 05:48:11.359000 UTC,2022-10-18 03:18:15.638000 UTC
matic,Polygon,0.86,6385857554,12,8581412757,366152295.0,0.87,0.8,0.06,7.1773,419667167.0,7.0341,7441499126.62,10000000000.0,10000000000.0,2.92,-70.58,2021-12-27 02:08:34.307000 UTC,0.0,27191.61,2019-05-10 00:00:00.000000 UTC,2022-10-18 03:18:07.464000 UTC
shib,Shiba Inu,0.0,6096334185,13,,112772165.0,0.0,0.0,0.0,1.0879,62807704.0,1.041,589373023552323.0,999991089484642.0,,0.0,-87.98,2021-10-28 03:54:55.568000 UTC,0.0,18376622.61,2020-11-28 11:26:25.838000 UTC,2022-10-18 03:18:16.039000 UTC
dai,Dai,1.0,5994526045,14,5994526045,327570901.0,1.0,1.0,-0.0,-0.073,-20880116.4,-0.3471,6001359359.08,6001359359.08148,6001359359.08148,1.22,-17.97,2020-03-13 03:02:50.373000 UTC,0.9,10.7,2019-11-25 00:04:18.137000 UTC,2022-10-18 03:17:04.668000 UTC
steth,Lido Staked Ether,1323.01,5872468156,15,5872468156,15136382.0,1333.48,1291.0,30.86,2.3886,139747978.0,2.4377,4440099.62,4440099.61541859,4440099.61541859,4829.57,-72.58,2021-11-10 14:40:47.256000 UTC,482.9,174.28,2020-12-22 04:08:21.854000 UTC,2022-10-18 03:17:34.100000 UTC
trx,TRON,0.06,5749599279,16,,312619953.0,0.06,0.06,0.0,0.5953,24354129.0,0.4254,92308308647.9,101900409184.273,,0.23,-73.09,2018-01-05 00:00:00.000000 UTC,0.0,3354.96,2017-11-12 00:00:00.000000 UTC,2022-10-18 03:18:58.053000 UTC
avax,Avalanche,16.14,4781769816,17,11615401405,155094185.0,16.33,15.7,0.42,2.671,121890963.0,2.6157,296405965.47,411155239.918671,720000000.0,144.96,-88.88,2021-11-21 14:18:56.538000 UTC,2.8,475.57,2020-12-31 13:15:21.540000 UTC,2022-10-18 03:17:58.528000 UTC
uni,Uniswap,6.32,4760982833,18,6316255470,88095672.0,6.43,6.05,0.25,4.1776,185211651.0,4.0477,753766667.0,1000000000.0,1000000000.0,44.92,-85.95,2021-05-03 05:25:04.822000 UTC,1.03,512.59,2020-09-17 01:20:38.214000 UTC,2022-10-18 03:17:47.754000 UTC
wbtc,Wrapped Bitcoin,19459.03,4758423123,19,4758423123,174491150.0,19628.16,19147.26,311.77,1.6283,75566197.0,1.6137,244555.97,244555.97136141,244555.97136141,70643.0,-72.43,2021-11-10 14:40:19.650000 UTC,3139.17,520.42,2019-04-02 00:00:00.000000 UTC,2022-10-18 03:18:07.227000 UTC
okb,OKB,16.86,4234634028,20,,19345564.0,17.07,16.5,0.25,1.5248,60157949.0,1.4411,251627611.56,300000000.0,,44.01,-61.72,2021-05-03 01:03:16.108000 UTC,0.58,2801.36,2019-01-14 00:00:00.000000 UTC,2022-10-18 03:18:09.118000 UTC
leo,LEO Token,4.5,4203652224,21,,1234363.0,4.54,4.38,0.0,0.0083,-3839411.49,-0.0912,933651136.9,985239504.0,,8.14,-44.6,2022-02-08 17:40:10.285000 UTC,0.8,463.49,2019-12-24 15:14:35.376000 UTC,2022-10-18 03:18:42.831000 UTC
ltc,Litecoin,51.48,3677045714,22,4325382089,200401269.0,52.04,51.15,0.33,0.6456,20860125.0,0.5705,71409145.73,84000000.0,84000000.0,410.26,-87.43,2021-05-10 03:13:07.904000 UTC,1.15,4387.56,2015-01-14 00:00:00.000000 UTC,2022-10-18 03:17:23.813000 UTC
atom,Cosmos Hub,12.49,3650323996,23,,231822596.0,12.59,11.74,0.7,5.9733,195217154.0,5.6501,292586163.83,,,44.45,-71.98,2022-01-17 00:34:41.497000 UTC,1.16,973.48,2020-03-13 02:27:44.591000 UTC,2022-10-18 03:17:38.079000 UTC
link,Chainlink,7.26,3566815261,24,7255523738,269396954.0,7.36,7.1,0.15,2.158,75845007.0,2.1726,491599971.23,1000000000.0,1000000000.0,52.7,-86.22,2021-05-10 00:13:57.214000 UTC,0.15,4801.95,2017-11-29 00:00:00.000000 UTC,2022-10-18 03:17:44.361000 UTC
etc,Ethereum Classic,23.8,3271805165,25,5016099044,241852128.0,24.07,22.97,0.79,3.4508,110263057.0,3.4876,137431366.93,210700000.0,210700000.0,167.09,-85.73,2021-05-06 18:34:22.133000 UTC,0.62,3775.68,2016-07-25 00:00:00.000000 UTC,2022-10-18 03:17:58.357000 UTC
ftt,FTX,24.04,3206224679,26,7897633802,71115259.0,24.23,23.5,0.41,1.7534,49424378.0,1.5656,133618094.98,329130640.912023,329130640.912023,84.18,-71.47,2021-09-09 16:59:43.151000 UTC,1.15,1989.05,2019-09-06 00:00:00.000000 UTC,2022-10-18 03:17:48.637000 UTC
qnt,Quant,201.42,2907648913,27,9089682285,364117468.0,224.6,192.53,8.33,4.3114,307999818.0,11.8477,14544190.76,14612493.0,45467000.0,427.42,-53.05,2021-09-11 09:15:00.668000 UTC,0.22,92909.52,2018-08-23 00:00:00.000000 UTC,2022-10-18 03:17:25.281000 UTC
xlm,Stellar,0.11,2895654896,28,5653384457,64044806.0,0.12,0.11,0.0,0.5254,9651031.0,0.3344,25610839326.52,50001787564.2533,50001787564.2533,0.88,-87.08,2018-01-03 00:00:00.000000 UTC,0.0,23660.33,2015-03-05 00:00:00.000000 UTC,2022-10-18 03:18:16.672000 UTC
cro,Cronos,0.11,2725771830,29,,38210111.0,0.11,0.1,0.0,4.2151,103855773.0,3.9611,25263013692.0,30263013692.0,,0.97,-88.8,2021-11-24 15:53:54.855000 UTC,0.01,792.13,2019-02-08 00:00:00.000000 UTC,2022-10-18 03:18:37.135000 UTC
xmr,Monero,142.97,2593621546,30,,71494835.0,144.95,142.65,-0.35,-0.2448,-5054815.26,-0.1945,18147820.38,,,542.33,-73.62,2018-01-09 00:00:00.000000 UTC,0.22,66084.27,2015-01-14 00:00:00.000000 UTC,2022-10-18 03:18:55.798000 UTC
near,NEAR Protocol,3.03,2464462194,31,3032886138,99584421.0,3.08,2.97,0.06,2.0335,46395686.0,1.9187,812579860.15,1000000000.0,1000000000.0,20.44,-85.16,2022-01-16 22:09:45.873000 UTC,0.53,475.91,2020-11-04 16:09:15.137000 UTC,2022-10-18 03:18:19.326000 UTC
algo,Algorand,0.33,2290926974,32,3264315452,64718336.0,0.33,0.32,0.01,2.3538,48439251.0,2.1601,7018093094.82,7248609375.92464,10000000000.0,3.56,-90.84,2019-06-20 14:51:19.480000 UTC,0.11,209.82,2020-03-13 02:20:48.438000 UTC,2022-10-18 03:18:17.555000 UTC
bch,Bitcoin Cash,109.71,2107645012,33,2304775340,471514705.0,111.08,109.35,0.28,0.2571,4806273.0,0.2286,19203843.65,21000000.0,21000000.0,3785.82,-97.1,2017-12-20 00:00:00.000000 UTC,76.93,42.82,2018-12-16 00:00:00.000000 UTC,2022-10-18 03:18:56.998000 UTC
lunc,Terra Luna Classic,0.0,1840336509,34,,188358364.0,0.0,0.0,0.0,1.5344,24245494.0,1.335,6885199564847.2,6907072876045.07,,119.18,-100.0,2022-04-05 12:24:58.854000 UTC,0.0,26570.93,2022-05-13 02:34:40.340000 UTC,2022-10-18 03:18:32.316000 UTC
vet,VeChain,0.02,1674728643,35,2002728405,47328010.0,0.02,0.02,0.0,1.2965,20263218.0,1.2248,72511146418.0,85985041177.0,86712634466.0,0.28,-91.77,2021-04-19 01:08:21.675000 UTC,0.0,1105.59,2020-03-13 02:29:59.652000 UTC,2022-10-18 03:17:49.836000 UTC
flow,Flow,1.53,1586463264,36,2081203550,30799054.0,1.57,1.48,0.05,3.3015,50426944.0,3.2829,1036200000.0,1359340091.58511,1359340091.58511,42.4,-96.39,2021-04-05 13:49:10.098000 UTC,1.24,23.97,2022-06-18 20:11:35.436000 UTC,2022-10-18 03:18:20.743000 UTC
fil,Filecoin,5.2,1559365074,37,10237166311,95950571.0,5.27,5.09,0.1,1.9695,29909695.0,1.9556,299590017.0,1966795897.0,1966795897.0,236.84,-97.8,2021-04-01 13:29:41.564000 UTC,4.76,9.41,2022-10-13 10:37:27.974000 UTC,2022-10-18 03:18:08.239000 UTC
hbar,Hedera,0.06,1540542948,38,3162949199,43792704.0,0.06,0.06,0.0,4.5674,63054041.0,4.2676,24352951174.89,50000000000.0,50000000000.0,0.57,-88.88,2021-09-15 10:40:28.318000 UTC,0.01,541.98,2020-01-02 17:30:24.852000 UTC,2022-10-18 03:18:48.267000 UTC
ape,ApeCoin,4.53,1420567277,39,4520950061,93873804.0,4.61,4.49,0.03,0.6668,7529447.0,0.5329,314218750.0,1000000000.0,1000000000.0,26.7,-83.05,2022-04-28 21:44:21.164000 UTC,3.1,45.97,2022-06-15 09:20:22.479000 UTC,2022-10-18 03:18:27.349000 UTC
xcn,Chain,0.06,1363715204,40,3394280534,12722449.0,0.06,0.06,-0.0,-1.2088,-23219429.41,-1.6742,21482775365.82,53470523779.0,53470523779.0,0.18,-65.4,2022-05-27 11:45:24.820000 UTC,0.0,2118.81,2022-06-14 06:35:07.084000 UTC,2022-10-18 03:17:45.968000 UTC
frax,Frax,1.0,1360935569,41,1360935569,7039001.0,1.01,1.0,0.0,0.277,6310285.0,0.4658,1363108793.49,1363108793.49405,1363108793.49405,1.14,-12.34,2021-02-07 12:55:35.766000 UTC,0.89,12.12,2021-12-04 05:33:57.315000 UTC,2022-10-18 03:18:22.407000 UTC
icp,Internet Computer,5.04,1352823556,42,2365012672,30237784.0,5.13,4.99,0.05,1.0565,13996416.0,1.0454,268397445.39,491039287.919733,469213710.0,700.65,-99.28,2021-05-10 16:05:53.653000 UTC,4.69,7.46,2022-10-13 10:37:27.273000 UTC,2022-10-18 03:18:56.632000 UTC
egld,Elrond,56.79,1343250136,43,1781625378,31795115.0,57.9,55.29,1.45,2.624,30689474.0,2.3381,23685926.0,24446858.0,31415926.0,545.64,-89.59,2021-11-23 10:33:26.737000 UTC,6.51,773.21,2020-10-07 01:44:53.554000 UTC,2022-10-18 03:18:57.849000 UTC
xtz,Tezos,1.39,1260476232,44,,16787001.0,1.41,1.35,0.03,2.4041,33978211.0,2.7703,905050553.18,,,9.12,-84.79,2021-10-04 00:41:18.025000 UTC,0.35,295.65,2018-12-07 00:00:00.000000 UTC,2022-10-18 03:18:07.199000 UTC
sand,The Sandbox,0.79,1190239321,45,2373878928,105569544.0,0.8,0.77,0.02,2.3468,26800927.0,2.3036,1504170208.22,3000000000.0,3000000000.0,8.4,-90.55,2021-11-25 06:04:40.957000 UTC,0.03,2637.08,2020-11-04 15:59:14.441000 UTC,2022-10-18 03:17:41.728000 UTC
mana,Decentraland,0.65,1171577421,46,1417207457,78903230.0,0.66,0.64,0.01,1.4627,14186501.0,1.2257,1813313983.94,2193488927.32015,2193488927.32015,5.85,-88.95,2021-11-25 10:04:18.534000 UTC,0.01,6896.28,2017-10-31 00:00:00.000000 UTC,2022-10-18 03:18:38.624000 UTC
axs,Axie Infinity,11.1,1139170463,47,2995370108,41949498.0,11.28,10.91,0.18,1.6117,18022180.0,1.6075,102683813.36,270000000.0,270000000.0,164.9,-93.26,2021-11-06 19:29:29.482000 UTC,0.12,8881.15,2020-11-06 08:05:43.662000 UTC,2022-10-18 03:18:45.249000 UTC
aave,Aave,78.37,1106225206,48,1252826860,119090827.0,79.66,75.12,3.22,4.2861,42484622.0,3.9939,14127732.94,16000000.0,16000000.0,661.69,-88.17,2021-05-18 21:19:59.514000 UTC,26.02,200.76,2020-11-05 09:20:11.928000 UTC,2022-10-18 03:18:46.271000 UTC
eos,EOS,1.07,1079024837,49,,87943930.0,1.08,1.04,0.02,2.3024,23558366.0,2.232,1012114158.12,,,22.71,-95.3,2018-04-29 07:50:33.540000 UTC,0.5,112.67,2017-10-23 00:00:00.000000 UTC,2022-10-18 03:17:41.639000 UTC
tkx,Tokenize Xchange,13.3,1063413103,50,1329332846,65102952.0,13.37,12.65,0.61,4.8253,52286040.0,5.1711,79996000.0,100000000.0,100000000.0,13.37,-0.58,2022-10-18 00:40:52.853000 UTC,0.11,11849.95,2019-04-28 00:00:00.000000 UTC,2022-10-18 03:17:45.958000 UTC
ldo,Lido DAO,1.51,1045559659,51,1508938333,41820548.0,1.55,1.37,0.14,10.3702,101160560.0,10.7116,692910794.88,1000000000.0,1000000000.0,7.3,-79.32,2021-08-20 08:35:20.158000 UTC,0.41,271.8,2022-06-18 20:55:12.035000 UTC,2022-10-18 03:18:33.288000 UTC
theta,Theta Network,1.02,1017810324,52,1017810324,15606265.0,1.03,1.0,0.02,1.7398,19243301.0,1.9271,1000000000.0,1000000000.0,1000000000.0,15.72,-93.52,2021-04-16 13:15:11.190000 UTC,0.04,2422.64,2020-03-13 02:24:16.483000 UTC,2022-10-18 03:18:11.046000 UTC
ht,Huobi,7.67,997774272,53,3808539929,90302664.0,8.04,6.67,0.95,14.1488,121438998.0,13.8576,130991704.25,500000000.0,500000000.0,39.66,-80.77,2021-05-12 14:42:21.586000 UTC,0.91,739.35,2019-01-30 00:00:00.000000 UTC,2022-10-18 03:18:34.861000 UTC
chz,Chiliz,0.19,992816468,54,1651371374,131674792.0,0.19,0.18,0.01,3.6401,32449491.0,3.3789,5344064580.0,8888888888.0,8888888888.0,0.88,-78.83,2021-03-13 08:04:21.200000 UTC,0.0,4426.43,2019-09-28 00:00:00.000000 UTC,2022-10-18 03:18:35.967000 UTC
mkr,Maker,1096.24,987293724,55,1101506493,87662720.0,1113.3,980.4,110.39,11.1974,98997960.0,11.1447,901310.95,977631.036950888,1005577.0,6292.31,-82.52,2021-05-03 21:54:29.333000 UTC,168.36,553.23,2020-03-16 20:52:36.527000 UTC,2022-10-18 03:18:40.044000 UTC
kcs,KuCoin,9.9,966483940,56,,1000915.0,9.94,9.74,0.14,1.4096,12531844.0,1.3137,97724482.63,145224482.632494,,28.83,-65.65,2021-12-01 15:09:35.541000 UTC,0.34,2788.1,2019-02-07 00:00:00.000000 UTC,2022-10-18 03:17:39.054000 UTC
cusdc,cUSDC,0.02,955686999,57,,14.71,0.02,0.02,0.0,0.1311,8495897.0,0.897,42183479103.98,42183479103.9841,,0.06,-61.47,2020-10-21 11:24:27.820000 UTC,0.01,265.24,2021-03-04 08:11:37.438000 UTC,2022-10-18 03:17:51.005000 UTC
bsv,Bitcoin SV,48.58,932911065,58,,15218088.0,49.09,48.33,0.24,0.4908,3968524.0,0.4272,19198945.39,21000000.0,,489.75,-90.07,2021-04-16 17:09:04.630000 UTC,42.02,15.73,2018-11-23 00:00:00.000000 UTC,2022-10-18 03:18:03.257000 UTC
usdp,Pax Dollar,1.0,896046132,59,,57346523.0,1.0,0.99,-0.0,-0.1471,127173.0,0.0142,898350641.78,898350641.78,,1.13,-11.53,2018-10-15 07:09:12.459000 UTC,0.86,15.53,2021-05-19 13:14:42.046000 UTC,2022-10-18 03:18:20.053000 UTC
tusd,TrueUSD,1.0,879051353,60,,30538353.0,1.0,1.0,-0.0,-0.0326,4657750.0,0.5327,879771120.3,879771120.29547,,1.62,-38.23,2018-08-26 20:41:09.375000 UTC,0.88,13.16,2020-03-12 10:47:51.380000 UTC,2022-10-18 03:18:54.967000 UTC
usdd,USDD,1.0,775008838,61,,50166888.0,1.0,1.0,-0.0,-0.1111,9494780.0,1.2403,775601816.28,,,1.03,-2.84,2022-05-12 07:24:01.007000 UTC,0.93,7.78,2022-06-19 16:15:11.558000 UTC,2022-10-18 03:18:21.177000 UTC
ethw,EthereumPoW,7.1,758545786,62,,30904767.0,7.34,7.1,-0.07,-1.0245,-7711046.15,-1.0063,106808439.05,106808193.04993,,58.54,-87.86,2022-09-03 00:10:33.722000 UTC,4.17,70.59,2022-09-19 02:51:46.433000 UTC,2022-10-18 03:18:46.213000 UTC
btt,BitTorrent,0.0,733982643,63,770818216,15679273.0,0.0,0.0,0.0,1.185,8712288.0,1.2012,942690250000000.0,990000000000000.0,990000000000000.0,0.0,-77.27,2022-01-21 04:00:31.909000 UTC,0.0,11.16,2022-06-18 21:29:51.935000 UTC,2022-10-18 03:17:50.460000 UTC
xec,eCash,0.0,725999015,64,794030988,5969159.0,0.0,0.0,0.0,1.6121,13255568.0,1.8598,19200735923303.0,21000000000000.0,21000000000000.0,0.0,-90.04,2021-09-04 17:09:31.137000 UTC,0.0,104.87,2021-07-20 20:49:46.212000 UTC,2022-10-18 03:18:45.254000 UTC
miota,IOTA,0.26,708959259,65,,9814190.0,0.26,0.25,0.01,2.3567,14783174.0,2.1296,2779530283.28,2779530283.0,,5.25,-95.14,2017-12-19 00:00:00.000000 UTC,0.08,212.57,2020-03-13 02:22:41.168000 UTC,2022-10-18 03:18:40.339000 UTC
zec,Zcash,52.56,679349703,66,1103788002,61219283.0,53.31,51.4,0.99,1.9186,12226585.0,1.8327,12924894.77,21000000.0,21000000.0,3191.93,-98.35,2016-10-29 00:00:00.000000 UTC,19.75,166.35,2020-03-13 02:20:55.002000 UTC,2022-10-18 03:18:33.899000 UTC
cake,PancakeSwap,4.6,657298551,67,3452638658,31836532.0,4.67,4.57,0.02,0.4531,-21759225.7,-3.2043,142781785.75,335680613.787207,750000000.0,43.96,-89.51,2021-04-30 10:08:22.934000 UTC,0.19,2271.53,2020-11-03 14:29:34.165000 UTC,2022-10-18 03:17:41.602000 UTC
gt,Gate,4.45,647170554,68,,2107094.0,4.48,4.41,0.01,0.31,1488591.0,0.2306,145377816.68,300000000.0,,12.94,-65.48,2021-05-12 11:39:16.531000 UTC,0.26,1634.76,2020-03-13 02:18:02.481000 UTC,2022-10-18 03:18:34.263000 UTC
cdai,cDAI,0.02,636496175,69,,140.13,0.02,0.02,-0.0,-0.0064,8099148.0,1.2889,28855175444.71,28855175444.7141,,0.03,-30.12,2020-10-12 21:29:00.007000 UTC,0.01,202.88,2020-03-18 04:29:40.819000 UTC,2022-10-18 03:17:59.412000 UTC
grt,The Graph,0.09,634339890,70,857184427,20636628.0,0.09,0.08,0.0,1.0692,5691628.0,0.9054,7400273157.0,10000000000.0,10000000000.0,2.84,-96.99,2021-02-12 07:28:45.775000 UTC,0.08,7.22,2022-10-13 10:37:40.379000 UTC,2022-10-18 03:18:52.625000 UTC
hnt,Helium,4.57,596299771,71,1018057358,2654222.0,4.62,4.5,0.06,1.2228,7377112.0,1.2527,130616264.27,223000000.0,223000000.0,54.88,-91.69,2021-11-12 23:08:25.301000 UTC,0.11,3928.92,2020-04-18 00:19:10.902000 UTC,2022-10-18 03:18:48.491000 UTC
osmo,Osmosis,1.22,568092266,72,1219758883,10014396.0,1.24,1.18,0.04,3.2028,17891448.0,3.2518,465741446.0,325000000.0,1000000000.0,11.25,-89.15,2022-03-04 05:12:18.707000 UTC,0.68,79.44,2022-06-18 20:27:33.261000 UTC,2022-10-18 03:18:27.634000 UTC
neo,NEO,8.0,563747219,73,,18383506.0,8.1,7.82,0.18,2.2481,11988057.0,2.1727,70530000.0,100000000.0,,198.38,-95.97,2018-01-15 00:00:00.000000 UTC,0.08,10115.65,2016-10-21 00:00:00.000000 UTC,2022-10-18 03:18:51.985000 UTC
snx,Synthetix Network,2.32,555336865,74,699724502,65404173.0,2.39,2.26,0.05,2.1402,9450775.0,1.7313,240053020.83,302466829.088774,302466829.088774,28.53,-91.91,2021-02-14 01:12:38.505000 UTC,0.03,6534.89,2019-01-06 00:00:00.000000 UTC,2022-10-18 03:18:21.558000 UTC
ceth,cETH,26.67,552700073,75,,11.96,26.84,26.08,0.58,2.2058,10625510.0,1.9602,20723176.67,20723176.6709124,,97.75,-72.68,2021-11-21 12:39:57.508000 UTC,1.89,1315.72,2020-03-13 02:22:33.711000 UTC,2022-10-18 03:08:37.037000 UTC
evmos,Evmos,1.69,546323972,76,,839936.0,1.72,1.57,0.11,7.1364,37036040.0,7.2721,324391777.42,1000000000.0,,6.84,-75.32,2022-04-28 21:20:31.780000 UTC,1.12,50.99,2022-06-13 10:08:39.859000 UTC,2022-10-18 03:18:08.851000 UTC
ftm,Fantom,0.21,538127738,77,672354537,83498701.0,0.21,0.21,0.01,2.8455,14483005.0,2.7658,2541152731.01,3175000000.0,3175000000.0,3.46,-93.87,2021-10-28 05:19:39.845000 UTC,0.0,11047.92,2020-03-13 02:25:38.280000 UTC,2022-10-18 03:18:48.425000 UTC
xrd,Radix,0.05,535596574,78,1284226435,324308.0,0.06,0.05,-0.0,-2.6771,-14447254.79,-2.6266,10009385741.46,12409367778.043,24000000000.0,0.65,-91.77,2021-11-14 16:09:27.130000 UTC,0.05,1.81,2022-10-15 05:27:24.206000 UTC,2022-10-18 03:17:22.906000 UTC
ar,Arweave,10.11,507343708,79,668243579,12762821.0,10.25,9.81,0.2,1.9697,9424560.0,1.8928,50108502.0,64598643.0,66000000.0,89.24,-88.62,2021-11-05 04:14:42.689000 UTC,0.3,3299.59,2020-01-31 06:47:36.543000 UTC,2022-10-18 03:17:58.241000 UTC
paxg,PAX Gold,1644.42,499253160,80,,6267163.0,1660.21,1640.56,1.17,0.0711,397293.0,0.0796,303808.21,303808.208,,2241.37,-26.61,2021-05-17 19:02:29.657000 UTC,1399.64,17.53,2019-11-18 03:09:35.959000 UTC,2022-10-18 03:18:34.517000 UTC
nexo,NEXO,0.88,493517416,81,881281085,3222014.0,0.88,0.87,0.01,1.3885,7631927.0,1.5707,560000010.01,1000000000.0,1000000000.0,4.07,-78.32,2021-05-12 14:37:47.535000 UTC,0.05,1853.04,2018-09-13 00:00:00.000000 UTC,2022-10-18 03:17:28.813000 UTC
crv,Curve DAO,0.89,485419277,82,2937575779,74046838.0,0.9,0.81,0.08,9.3583,166310698.0,52.1173,545808755.58,1837955208.95409,3303030299.0,15.37,-94.25,2020-08-14 00:00:00.000000 UTC,0.33,166.65,2020-11-05 13:09:50.181000 UTC,2022-10-18 03:17:34.212000 UTC
ens,Ethereum Name Service,18.74,482745488,83,1872323311,82123193.0,19.9,18.66,-0.85,-4.3359,-22058787.85,-4.3698,25783233.34,100000000.0,100000000.0,83.4,-77.61,2021-11-11 02:20:01.099000 UTC,7.45,150.53,2022-06-14 02:00:36.378000 UTC,2022-10-18 03:18:29.425000 UTC
cspr,Casper Network,0.05,481345380,84,,62624723.0,0.05,0.05,-0.0,-4.1803,-18070944.08,-3.6184,10430635438.0,11223229847.0,,1.33,-96.55,2021-05-12 00:00:00.000000 UTC,0.02,103.99,2022-06-18 20:14:44.694000 UTC,2022-10-18 03:17:32.024000 UTC
bit,BitDAO,0.44,475903743,85,4425337021,7993660.0,0.44,0.44,0.0,0.5309,2670026.0,0.5642,1075406778.14,10000000000.0,10000000000.0,3.1,-85.72,2021-11-12 04:54:56.433000 UTC,0.4,10.17,2022-06-18 20:44:32.363000 UTC,2022-10-18 03:18:35.016000 UTC
zil,Zilliqa,0.03,470826969,86,660746100,27787197.0,0.03,0.03,0.0,3.56,15881041.0,3.4907,14963942050.8,21000000000.0,21000000000.0,0.26,-87.66,2021-05-06 17:33:45.940000 UTC,0.0,1214.9,2020-03-13 02:22:55.161000 UTC,2022-10-18 03:17:52.481000 UTC
rune,THORChain,1.54,462216064,87,768565350,40009440.0,1.56,1.47,0.06,4.1373,20111354.0,4.549,300700561.0,500000000.0,500000000.0,20.87,-92.64,2021-05-19 00:30:09.436000 UTC,0.01,17944.13,2019-09-28 00:00:00.000000 UTC,2022-10-18 03:18:24.777000 UTC
twt,Trust Wallet,1.1,459017263,88,,12436816.0,1.11,1.03,0.06,6.054,25280681.0,5.8286,416649900.0,1000000000.0,,1.64,-32.73,2021-09-05 04:29:59.672000 UTC,0.0,39625.46,2020-06-09 09:15:06.983000 UTC,2022-10-18 03:18:29.927000 UTC
dash,Dash,41.02,449764742,89,,29016394.0,41.75,41.02,-0.56,-1.3353,-6006766.97,-1.3179,10961304.85,18920000.0,,1493.59,-97.25,2017-12-20 00:00:00.000000 UTC,0.21,19114.03,2014-02-14 00:00:00.000000 UTC,2022-10-18 03:18:13.969000 UTC
fxs,Frax Share,6.65,447321773,90,661760297,10201679.0,6.71,5.9,0.69,11.5676,44691964.0,11.1,67476085.2,99822984.1145714,99822984.1145714,42.8,-84.44,2022-01-12 15:22:27.465000 UTC,1.5,343.18,2021-06-25 16:50:51.447000 UTC,2022-10-18 03:18:37.186000 UTC
klay,Klaytn,0.14,443527619,91,,18736967.0,0.15,0.14,0.0,0.8343,3973743.0,0.904,3082070094.03,,,4.34,-96.68,2021-03-30 03:44:28.828000 UTC,0.06,138.67,2020-04-29 08:19:34.574000 UTC,2022-10-18 03:18:23.909000 UTC
enj,Enjin Coin,0.43,434388946,92,434388946,15784230.0,0.44,0.43,0.01,1.8003,6762583.0,1.5814,1000000000.0,1000000000.0,1000000000.0,4.82,-90.97,2021-11-25 09:53:41.955000 UTC,0.02,2231.25,2017-11-12 00:00:00.000000 UTC,2022-10-18 03:18:52.032000 UTC
rpl,Rocket Pool,22.99,433911438,93,433911438,1533178.0,23.24,22.35,0.59,2.6237,10711495.0,2.5311,18859620.88,18859620.8789177,18859620.8789177,59.46,-61.22,2021-11-09 04:03:31.003000 UTC,0.01,260493.14,2018-08-28 00:00:00.000000 UTC,2022-10-18 03:18:55.122000 UTC
xdc,XDC Network,0.03,432308539,94,,4383190.0,0.03,0.03,-0.0,-0.5802,-2056411.91,-0.4734,13787305562.4,37787301349.95,,0.19,-83.75,2021-08-21 04:39:48.324000 UTC,0.0,7824.06,2019-07-22 00:00:00.000000 UTC,2022-10-18 03:18:14.976000 UTC
bat,Basic Attention,0.29,431905279,95,432694145,37155423.0,0.29,0.28,0.0,1.3162,4819407.0,1.1284,1497265277.42,1500000000.0,1500000000.0,1.9,-84.83,2021-11-28 00:23:51.354000 UTC,0.07,298.37,2017-07-16 00:00:00.000000 UTC,2022-10-18 03:18:16.191000 UTC
kava,Kava,1.41,417869152,96,,7603682.0,1.43,1.4,0.01,0.7393,3368680.0,0.8127,297041180.0,299511406.0,,9.12,-84.57,2021-08-30 11:10:02.948000 UTC,0.29,390.02,2020-03-13 02:24:16.835000 UTC,2022-10-18 03:18:44.485000 UTC
xaut,Tether Gold,1685.55,415293619,97,,637775.0,1687.4,1671.45,11.43,0.6829,2463907.0,0.5968,246524.33,246524.33,,2096.29,-19.51,2021-05-19 12:57:30.922000 UTC,1447.84,16.54,2020-03-19 13:45:41.821000 UTC,2022-10-18 03:18:19.874000 UTC
stx,Stacks,0.31,412080609,98,559435166,12467265.0,0.31,0.3,0.0,1.5254,6864959.0,1.6942,1339140961.43,1352464600.0,1818000000.0,3.39,-90.92,2021-12-01 01:32:34.725000 UTC,0.05,575.08,2020-03-13 02:29:26.415000 UTC,2022-10-18 03:18:19.062000 UTC
cel,Celsius Network,0.97,409253872,99,,12328824.0,1.03,0.95,-0.03,-3.429,-18784777.14,-4.3886,423415980.35,692753441.4971,,8.05,-88.01,2021-06-04 00:04:12.584000 UTC,0.03,3583.62,2018-12-07 00:00:00.000000 UTC,2022-10-18 03:17:34.795000 UTC
luna,Terra,2.62,403878521,100,,104617457.0,2.66,2.59,-0.01,-0.2165,-1556684.15,-0.384,154289403.2,1033418543.84896,,18.87,-86.12,2022-05-28 09:18:14.847000 UTC,1.53,70.89,2022-08-29 00:11:56.615000 UTC,2022-10-18 03:18:49.367000 UTC